<?xml version='1.0' encoding='UTF-8'?>
<odoo>
  <data>
    <record id="fee_green_fee_abonado_hole_in_one_laborable" model="golf.fee.rate">
      <field name="name">Green Fee Laborables Hole In One</field>
      <field name="type">green_fee</field>
      <field name="user_type">hole_in_one</field>
      <field name="condition">laborable</field>
      <field name="price">7.0</field>
      <field name="active">1</field>
    </record>
    <record id="fee_green_fee_abonado_hole_in_one_weekend" model="golf.fee.rate">
      <field name="name">Green Fee Finde/Festivos Hole in One</field>
      <field name="type">green_fee</field>
      <field name="user_type">hole_in_one</field>
      <field name="condition">weekend</field>
      <field name="price">10.0</field>
      <field name="active">1</field>
    </record>
    <record id="fee_green_fee_abonado_brdie_laborable" model="golf.fee.rate">
      <field name="name">Green Fee Laborables Birdie e Invitados</field>
      <field name="type">green_fee</field>
      <field name="user_type">birdie</field>
      <field name="condition">laborable</field>
      <field name="price">20.0</field>
      <field name="active">1</field>
    </record>
    <record id="fee_green_fee_abonado_birdie_weekend" model="golf.fee.rate">
      <field name="name">Green Fee Finde/Festivos Birdie e Invitados</field>
      <field name="type">green_fee</field>
      <field name="user_type">birdie</field>
      <field name="condition">weekend</field>
      <field name="price">30.0</field>
      <field name="active">1</field>
    </record>
    <record id="fee_green_fee_abonado_club_laborable" model="golf.fee.rate">
      <field name="name">Green Fee Laborables Abonado Club</field>
      <field name="type">green_fee</field>
      <field name="user_type">club</field>
      <field name="condition">laborable</field>
      <field name="price">35.0</field>
      <field name="active">1</field>
    </record>
    <record id="fee_green_fee_abonado_club_weekend" model="golf.fee.rate">
      <field name="name">Green Fee Finde/Festivos Abonado Club</field>
      <field name="type">green_fee</field>
      <field name="user_type">club</field>
      <field name="condition">weekend</field>
      <field name="price">40.0</field>
      <field name="active">1</field>
    </record>
    <record id="fee_green_fee_no_abonado_laborable" model="golf.fee.rate">
      <field name="name">Green Fee No Abonado Laborables</field>
      <field name="type">green_fee</field>
      <field name="user_type">no_abonado</field>
      <field name="condition">laborable</field>
      <field name="price">35.0</field>
      <field name="active">1</field>
    </record>
    <record id="fee_green_fee_no_abonado_weekend" model="golf.fee.rate">
      <field name="name">Green Fee No Abonado Finde/Festivos</field>
      <field name="type">green_fee</field>
      <field name="user_type">no_abonado</field>
      <field name="condition">weekend</field>
      <field name="price">40.0</field>
      <field name="active">1</field>
    </record>
    <record id="fee_buggy_abonado_weekday" model="golf.fee.rate">
      <field name="name">Buggy Abonado Laborables</field>
      <field name="type">buggy</field>
      <field name="user_type">abonado</field>
      <field name="condition">laborable</field>
      <field name="price">10.0</field>
      <field name="active">1</field>
    </record>
    <record id="fee_buggy_abonado_weekend" model="golf.fee.rate">
      <field name="name">Buggy Abonado Finde/Festivos</field>
      <field name="type">buggy</field>
      <field name="user_type">abonado</field>
      <field name="condition">weekend</field>
      <field name="price">15.0</field>
      <field name="active">1</field>
    </record>
    <record id="fee_locker_grande_abonados" model="golf.fee.rate">
      <field name="name">Taquilla Grande Abonados</field>
      <field name="type">locker</field>
      <field name="user_type">abonado</field>
      <field name="condition">otros</field>
      <field name="price">16.0</field>
      <field name="active">1</field>
    </record>
    <record id="fee_locker_pequena_abonados" model="golf.fee.rate">
      <field name="name">Taquilla Pequeña Abonados</field>
      <field name="type">locker</field>
      <field name="user_type">abonado</field>
      <field name="condition">otros</field>
      <field name="price">7.0</field>
      <field name="active">1</field>
    </record>
    <record id="fee_parking_buggy_abonados" model="golf.fee.rate">
      <field name="name">Parking Buggy Abonados</field>
      <field name="type">parking</field>
      <field name="user_type">abonado</field>
      <field name="condition">otros</field>
      <field name="price">25.0</field>
      <field name="active">1</field>
    </record>
    <record id="fee_practice_no_abonados" model="golf.fee.rate">
      <field name="name">Campo de Prácticas No Abonados</field>
      <field name="type">practice</field>
      <field name="user_type">no_abonado</field>
      <field name="condition">otros</field>
      <field name="price">7.0</field>
      <field name="active">1</field>
    </record>


    <record id="tarifa_clase_golf_infantil_abonado" model="golf.fee.rate">
      <field name="name">Clase Golf Infantil Abonado (1h/sem)</field>
      <field name="type">lesson</field>
      <field name="user_type">abonado</field>
      <field name="condition">group</field>
      <field name="price">35.0</field>
      <field name="active">1</field>
    </record>
    <record id="tarifa_clase_golf_adulto_bono" model="golf.fee.rate">
      <field name="name">Clase Golf Adultos (Bono 12 clases)</field>
      <field name="type">lesson</field>
      <field name="user_type">abonado</field>
      <field name="condition">bono</field>
      <field name="price">120.0</field>
      <field name="active">1</field>
    </record>
    <record id="tarifa_clase_golf_adulto_individual" model="golf.fee.rate">
      <field name="name">Clase Golf Adultos Individual (30min)</field>
      <field name="type">lesson</field>
      <field name="user_type">abonado</field>
      <field name="condition">individual</field>
      <field name="price">15.0</field>
      <field name="active">1</field>
    </record>
    <record id="tarifa_clase_equitacion_1h" model="golf.fee.rate">
      <field name="name">Clase Equitación 1h/sem Abonado</field>
      <field name="type">school</field>
      <field name="user_type">abonado</field>
      <field name="condition">1_clase_1h_grupo</field>
      <field name="price">55.0</field>
      <field name="active">1</field>
    </record>
    <record id="tarifa_clase_equitacion_2h" model="golf.fee.rate">
      <field name="name">Clase Equitación 2h/sem Abonado</field>
      <field name="type">school</field>
      <field name="user_type">abonado</field>
      <field name="condition">2_clases_1h_grupo</field>
      <field name="price">85.0</field>
      <field name="active">1</field>
    </record>
    <record id="tarifa_clase_padel_3pax" model="golf.fee.rate">
      <field name="name">Clase Padel/Tenis Abonado (3pax)</field>
      <field name="type">school</field>
      <field name="user_type">abonado</field>
      <field name="condition">1_clase_1h_3pax</field>
      <field name="price">27.0</field>
      <field name="active">1</field>
    </record>
    <record id="tarifa_clase_padel_4pax" model="golf.fee.rate">
      <field name="name">Clase Padel/Tenis Abonado (4pax)</field>
      <field name="type">school</field>
      <field name="user_type">abonado</field>
      <field name="condition">1_clase_1h_4pax</field>
      <field name="price">21.0</field>
      <field name="active">1</field>
    </record>


    <record id="tarifa_fitting_abonados" model="golf.fee.rate">
      <field name="name">Fitting (Consultar)</field>
      <field name="type">fitting</field>
      <field name="user_type">abonado</field>
      <field name="price">0.0</field>
      <field name="condition">consulta</field>
      <field name="active">True</field>
    </record>
    <record id="dj_hio_1er_jugador" model="golf.fee.rate">
      <field name="name">D.J 1er jugador (Hole in One)</field>
      <field name="type">game_rights</field>
      <field name="user_type">abonado</field>
      <field name="condition">primer_jugador</field>
      <field name="price">45.0</field>
      <field name="active">True</field>
    </record>
    <record id="dj_birdie_1er_jugador" model="golf.fee.rate">
      <field name="name">D.J 1er jugador (Plan Birdie)</field>
      <field name="type">game_rights</field>
      <field name="user_type">abonado</field>
      <field name="condition">primer_jugador</field>
      <field name="price">35.0</field>
      <field name="active">True</field>
    </record>
  </data>
</odoo>
